arm,docsVersion,run,task,rep,inputTokens,outputTokens,freshInputTokens,cacheReadTokens,cacheWriteTokens,mainInputTokens,mainRequests,subagentInputTokens,subagentRuns,toolset,modelRequests,aiCredits,toolCalls,failedToolCalls,docFilesRead,codeFilesRead,docTokensRead,codeTokensRead,readTokens,score,missing,filesModified,topFiles
"complete","baseline","full-1","ai-fallback","rep-1",190561,2270,30133,160428,16387,162457,6,28104,1,"read_file",9,8.52831,21,0,2,1,3503,4193,7696,0.8,"choices",0,"worker/src/services/ai-dm.ts(4193) PRD.md(2675) SETUP.md(828)"
"complete","baseline","full-1","ai-fallback","rep-2",73043,1591,24333,48710,12715,47219,2,25824,1,"read_file",5,4.75855,17,0,2,1,3503,1520,5023,0.8,"choices",0,"PRD.md(2675) worker/src/services/ai-dm.ts(1520) SETUP.md(828)"
"complete","baseline","full-1","ai-fallback","rep-3",181110,2201,26861,154249,15297,160399,6,20711,1,"read_file",9,8.16245,21,0,1,1,1098,3606,4704,0.8,"choices",0,"worker/src/services/ai-dm.ts(3606) PRD.md(1098)"
"complete","baseline","full-1","combat-round","rep-1",107925,1931,34254,73671,17399,78193,3,29732,1,"read_file",6,6.76571,19,1,1,6,2675,10878,13553,1,"",0,"worker/src/services/combat.ts(4122) worker/src/services/ai-dm.ts(3005) PRD.md(2675) worker/src/routes/combat.ts(1154) worker/src/services/dice.ts(1054)"
"complete","baseline","full-1","combat-round","rep-2",106941,2028,32059,74882,13949,74155,3,32786,1,"read_file",6,5.90845,16,0,2,6,3503,9750,13253,1,"",0,"worker/src/services/ai-dm.ts(3005) PRD.md(2675) worker/src/routes/combat.ts(2279) worker/src/services/combat.ts(2076) frontend/src/app/components/game-console/game-console.component.ts(996)"
"complete","baseline","full-1","combat-round","rep-3",152757,2183,29311,123446,14612,127187,5,25570,1,"read_file",8,7.3953,18,0,2,5,3051,6852,9903,1,"",0,"PRD.md(2698) worker/src/services/ai-dm.ts(2556) worker/src/services/combat.ts(1994) worker/src/routes/combat.ts(1125) worker/src/types/index.ts(636)"
"complete","baseline","full-1","cors-origin","rep-1",107460,928,8757,98703,8747,107460,5,0,0,"view",5,5.09081,4,0,0,1,0,386,386,1,"",0,"worker/src/index.ts(386)"
"complete","baseline","full-1","cors-origin","rep-2",152613,1208,9545,143068,9531,152613,7,0,0,"view",7,6.45491,6,1,0,1,0,565,565,1,"",0,"worker/src/index.ts(565)"
"complete","baseline","full-1","cors-origin","rep-3",61501,1461,13582,47919,8889,43379,2,18122,1,"read_file",6,3.44477,25,0,1,3,288,634,922,1,"",0,"worker/src/index.ts(488) docs/DEPLOYMENT_NOTES.md(288) frontend/src/environments/environment.prod.ts(92) frontend/src/environments/environment.ts(54)"
"complete","baseline","full-1","inventory-dialog","rep-1",68100,1556,24135,43965,12534,47027,2,21073,1,"read_file",5,4.61708,17,0,0,7,0,7003,7003,0.8333333333333334,"MatDialog",0,"frontend/src/app/components/inventory/inventory.component.ts(1593) worker/src/routes/character.ts(1530) frontend/src/app/components/game-console/game-console.component.html(1276) frontend/src/app/services/game-api.service.ts(934) frontend/src/app/components/inventory/inventory.component.spec.ts(752)"
"complete","baseline","full-1","inventory-dialog","rep-2",62493,1286,18844,43649,12384,46880,2,15613,1,"read_file",5,4.55464,11,0,0,4,0,2961,2961,0.8333333333333334,"MatDialog",0,"frontend/src/app/components/inventory/inventory.component.ts(1593) worker/src/services/character.ts(586) frontend/src/app/services/game-api.service.ts(452) frontend/src/app/components/game-console/game-console.component.ts(330)"
"complete","baseline","full-1","inventory-dialog","rep-3",65043,1206,21233,43810,13779,48275,2,16768,1,"read_file",5,4.82139,11,0,0,5,0,3813,3813,0.8333333333333334,"MatDialog",0,"frontend/src/app/components/inventory/inventory.component.ts(1593) frontend/src/app/components/inventory/inventory.component.spec.ts(752) worker/src/services/character.ts(686) frontend/src/app/services/game-api.service.ts(452) frontend/src/app/components/game-console/game-console.component.ts(330)"
"complete","baseline","full-1","level-up-flow","rep-1",201523,3421,30883,170640,16858,161072,6,40451,1,"read_file",10,9.50594,29,0,2,4,3503,3582,7085,0.8333333333333334,"+2",0,"PRD.md(2675) worker/src/routes/levelup.ts(1180) worker/src/services/ai-dm.ts(866) SETUP.md(828) worker/src/services/character.ts(802)"
"complete","baseline","full-1","level-up-flow","rep-2",75233,1903,26932,48301,13062,47562,2,27671,1,"read_file",5,4.91222,17,0,2,5,4467,3280,7747,1,"",0,"PRD.md(3639) worker/src/services/character.ts(1495) SETUP.md(828) frontend/src/app/components/game-console/game-console.component.ts(788) worker/src/routes/levelup.ts(590)"
"complete","baseline","full-1","level-up-flow","rep-3",150486,2850,24851,125635,14665,129064,5,21422,1,"read_file",8,7.96203,20,0,0,5,0,2955,2955,0.8333333333333334,"+2",0,"frontend/src/app/services/game-api.service.ts(1213) worker/src/routes/levelup.ts(590) worker/src/services/ai-dm.ts(433) worker/src/services/character.ts(401) worker/src/types/index.ts(318)"
"complete","baseline","full-1","rest-endpoint-plan","rep-1",447663,5666,31243,416420,31213,447663,15,0,0,"view",15,21.80365,32,1,0,9,0,10336,10336,1,"",0,"frontend/src/app/components/game-console/game-console.component.ts(2322) worker/src/services/character.ts(1465) worker/src/types/index.ts(1180) frontend/src/app/services/game-api.service.ts(1179) worker/src/routes/shop.ts(1128)"
"complete","baseline","full-1","rest-endpoint-plan","rep-2",311536,4370,41825,269711,25021,280605,9,30931,1,"read_file",12,14.82817,36,0,1,11,2675,11353,14028,1,"",0,"PRD.md(2675) worker/src/routes/shop.ts(2285) worker/src/routes/action.ts(2169) worker/src/services/character.ts(1495) worker/src/types/index.ts(1209)"
"complete","baseline","full-1","rest-endpoint-plan","rep-3",275329,4631,45731,229598,21419,200177,7,75152,1,"read_file",12,12.29643,48,0,1,10,2675,14684,17359,1,"",0,"frontend/src/app/components/game-console/game-console.component.ts(3328) worker/src/services/character.ts(2742) PRD.md(2675) worker/src/routes/shop.ts(2285) worker/src/services/combat.ts(2076)"
"complete","baseline","full-1","session-expiry","rep-1",133598,2989,36603,96995,16956,76954,3,56644,2,"read_file",10,6.77504,39,0,1,9,2675,7979,10654,1,"",0,"PRD.md(2675) frontend/src/app/components/game-console/game-console.component.ts(1832) worker/src/services/session.ts(1512) worker/src/routes/combat.ts(1154) worker/src/routes/action.ts(1099)"
"complete","baseline","full-1","session-expiry","rep-2",179769,2731,24977,154792,16107,160558,6,19211,1,"read_file",9,8.83093,21,0,0,6,0,4540,4540,1,"",0,"frontend/src/app/components/game-console/game-console.component.ts(1481) worker/src/routes/action.ts(1070) frontend/src/app/services/game-api.service.ts(755) worker/src/services/session.ts(741) worker/src/routes/log.ts(297)"
"complete","baseline","full-1","session-expiry","rep-3",73012,1755,24789,48223,13373,47890,2,25122,1,"read_file",5,5.04331,17,0,1,3,2675,1848,4523,1,"",0,"PRD.md(2675) frontend/src/app/components/game-console/game-console.component.ts(911) worker/src/services/session.ts(741) worker/src/routes/session.ts(196)"
"complete","baseline","full-1","starting-gear","rep-1",108923,690,10564,98359,10554,108923,5,0,0,"view",5,5.29768,4,0,0,1,0,1465,1465,0.8,"seed.sql",0,"worker/src/services/character.ts(1465)"
"complete","baseline","full-1","starting-gear","rep-2",81023,1352,22837,58186,11986,46488,2,34535,1,"read_file",6,4.07226,25,1,2,0,3503,0,3503,1,"",0,"PRD.md(2675) SETUP.md(828)"
"complete","baseline","full-1","starting-gear","rep-3",105828,2067,23893,81935,13369,73018,3,32810,1,"read_file",7,5.79231,23,0,2,2,3503,1310,4813,1,"",0,"PRD.md(2675) SETUP.md(828) worker/src/db/seed.sql(663) worker/src/services/character.ts(647)"
"complete-guided","baseline","full-1","ai-fallback","rep-1",223759,2549,26803,196956,15723,203451,8,20308,1,"read_file",11,9.42119,24,0,0,2,0,6642,6642,0.8,"choices",0,"worker/src/services/ai-dm.ts(5433) worker/src/types/index.ts(1209)"
"complete-guided","baseline","full-1","ai-fallback","rep-2",90800,1055,13726,77074,13718,90800,4,0,0,"view",4,6.02758,3,0,0,1,0,3638,3638,0.8,"choices",0,"worker/src/services/ai-dm.ts(3638)"
"complete-guided","baseline","full-1","ai-fallback","rep-3",88676,1002,26949,61727,26941,88676,4,0,0,"view",4,8.97339,4,0,0,1,0,3638,3638,0.8,"choices",0,"worker/src/services/ai-dm.ts(3638)"
"complete-guided","baseline","full-1","combat-round","rep-1",195067,2222,18210,176857,18194,195067,8,0,0,"view",8,10.31084,14,0,1,3,37,3684,3721,1,"",0,"worker/src/services/combat.ts(2046) worker/src/routes/combat.ts(1125) worker/src/services/dice.ts(513) PRD.md(37)"
"complete-guided","baseline","full-1","combat-round","rep-2",158066,2159,32364,125702,16668,127517,5,30549,1,"read_file",8,7.82778,21,1,2,6,3503,7899,11402,1,"",0,"PRD.md(2675) worker/src/routes/combat.ts(2279) worker/src/services/combat.ts(1860) worker/src/services/ai-dm.ts(1795) frontend/src/app/components/game-console/game-console.component.ts(877)"
"complete-guided","baseline","full-1","combat-round","rep-3",203291,2272,17353,185938,17337,203291,8,0,0,"view",8,10.32821,14,0,1,4,37,4464,4501,1,"",0,"worker/src/services/combat.ts(2046) worker/src/routes/combat.ts(1125) worker/src/services/ai-dm.ts(780) worker/src/services/dice.ts(513) PRD.md(37)"
"complete-guided","baseline","full-1","cors-origin","rep-1",87518,1234,10101,77417,10093,87518,4,0,0,"view",4,5.30719,5,0,0,0,0,0,0,1,"",0,""
"complete-guided","baseline","full-1","cors-origin","rep-2",107640,796,8930,98710,8920,107640,5,0,0,"view",5,5.0022,4,0,0,1,0,565,565,1,"",0,"worker/src/index.ts(565)"
"complete-guided","baseline","full-1","cors-origin","rep-3",108795,1143,9401,99394,9391,108795,5,0,0,"view",5,5.48063,6,0,0,1,0,565,565,1,"",0,"worker/src/index.ts(565)"
"complete-guided","baseline","full-1","inventory-dialog","rep-1",87085,1381,22121,64964,12882,68410,3,18675,1,"read_file",6,4.98914,17,0,0,7,0,5356,5356,0.8333333333333334,"MatDialog",0,"worker/src/routes/character.ts(1530) frontend/src/app/components/inventory/inventory.component.ts(1143) frontend/src/app/components/inventory/inventory.component.spec.ts(752) worker/src/services/character.ts(686) frontend/src/app/components/game-console/game-console.component.spec.ts(463)"
"complete-guided","baseline","full-1","inventory-dialog","rep-2",164665,1570,13607,151058,13593,164665,7,0,0,"view",7,7.99221,9,0,0,3,0,2105,2105,0.8333333333333334,"MatDialog",0,"frontend/src/app/components/inventory/inventory.component.ts(1556) frontend/src/app/services/game-api.service.ts(289) frontend/src/app/components/game-console/game-console.component.ts(260)"
"complete-guided","baseline","full-1","inventory-dialog","rep-3",167222,1876,13924,153298,13910,167222,7,0,0,"view",7,8.42226,10,0,0,1,0,1556,1556,1,"",0,"frontend/src/app/components/inventory/inventory.component.ts(1556)"
"complete-guided","baseline","full-1","level-up-flow","rep-1",249588,3257,17149,232439,17129,249588,10,0,0,"view",10,12.19203,17,0,1,2,180,1116,1296,0.8333333333333334,"+2",0,"worker/src/routes/levelup.ts(561) worker/src/services/character.ts(555) PRD.md(180)"
"complete-guided","baseline","full-1","level-up-flow","rep-2",429172,4705,24973,404199,24943,429172,15,0,0,"view",15,19.03073,23,0,0,5,0,4953,4953,1,"",0,"worker/src/services/character.ts(1465) worker/src/types/index.ts(1180) frontend/src/app/services/game-api.service.ts(1179) frontend/src/app/components/character-sheet/character-sheet.component.html(568) worker/src/routes/levelup.ts(561)"
"complete-guided","baseline","full-1","level-up-flow","rep-3",207013,2818,17812,189201,17796,207013,8,0,0,"view",8,11.05422,14,0,0,5,0,3426,3426,0.8333333333333334,"+2",0,"worker/src/services/character.ts(1465) frontend/src/app/components/game-console/game-console.component.ts(885) worker/src/routes/levelup.ts(561) frontend/src/app/services/game-api.service.ts(347) frontend/src/app/components/game-console/game-console.component.html(168)"
"complete-guided","baseline","full-1","rest-endpoint-plan","rep-1",458032,4710,35910,422122,35884,458032,13,0,0,"view",13,22.12864,35,2,1,10,1651,11892,13543,0.8333333333333334,"routes/",0,"frontend/src/app/components/game-console/game-console.component.ts(2322) PRD.md(1651) frontend/src/app/components/inventory/inventory.component.ts(1556) worker/src/services/character.ts(1465) worker/src/types/index.ts(1180)"
"complete-guided","baseline","full-1","rest-endpoint-plan","rep-2",508157,4841,34305,473852,34275,508157,15,0,0,"view",15,22.89279,32,0,1,10,1651,11107,12758,1,"",0,"frontend/src/app/components/game-console/game-console.component.ts(2322) PRD.md(1651) worker/src/services/character.ts(1465) frontend/src/app/components/game-console/game-console.component.html(1236) worker/src/types/index.ts(1180)"
"complete-guided","baseline","full-1","rest-endpoint-plan","rep-3",386271,4936,31912,354359,31888,386271,12,0,0,"view",12,19.99998,34,2,1,9,1651,9427,11078,1,"",0,"frontend/src/app/components/game-console/game-console.component.ts(2322) PRD.md(1651) worker/src/services/character.ts(1465) worker/src/types/index.ts(1180) frontend/src/app/services/game-api.service.ts(1179)"
"complete-guided","baseline","full-1","session-expiry","rep-1",359171,3674,18426,340745,18398,359171,14,0,0,"view",14,15.094,22,0,0,6,0,4265,4265,1,"",0,"frontend/src/app/components/game-console/game-console.component.ts(1208) frontend/src/app/services/game-api.service.ts(1179) worker/src/services/session.ts(711) worker/src/routes/action.ts(520) frontend/src/app/components/login/login.component.ts(480)"
"complete-guided","baseline","full-1","session-expiry","rep-2",365403,4230,23260,342143,23234,365403,13,0,0,"view",13,16.88656,22,5,1,6,1781,4813,6594,1,"",0,"docs/DEPLOYMENT_NOTES.md(1781) frontend/src/app/components/game-console/game-console.component.ts(1206) frontend/src/app/services/game-api.service.ts(1179) worker/src/routes/action.ts(1070) worker/src/services/session.ts(711)"
"complete-guided","baseline","full-1","session-expiry","rep-3",199558,3035,17899,181659,17883,199558,8,0,0,"view",8,11.14213,14,0,0,4,0,4270,4270,1,"",0,"frontend/src/app/components/game-console/game-console.component.ts(2322) worker/src/routes/action.ts(1070) worker/src/services/session.ts(711) worker/src/routes/session.ts(167)"
"complete-guided","baseline","full-1","starting-gear","rep-1",152052,965,10145,141907,10131,152052,7,0,0,"view",7,6.33869,6,0,0,1,0,920,920,0.8,"seed.sql",0,"worker/src/services/character.ts(920)"
"complete-guided","baseline","full-1","starting-gear","rep-2",259519,2458,15711,243808,15689,259519,11,0,0,"view",11,11.26081,11,0,0,2,0,3212,3212,1,"",0,"worker/src/db/seed.sql(1747) worker/src/services/character.ts(1465)"
"complete-guided","baseline","full-1","starting-gear","rep-3",342291,3418,16338,325953,16312,342291,13,0,0,"view",13,14.02026,12,1,0,2,0,3212,3212,1,"",0,"worker/src/db/seed.sql(1747) worker/src/services/character.ts(1465)"
"research-v1","v1","full-1","ai-fallback","rep-1",165422,2406,30218,135204,15362,131990,5,33432,1,"read_file",9,7.46586,28,0,2,1,2684,3690,6374,0.8,"choices",0,"worker/src/services/ai-dm.ts(3690) AGENT.md(2292) PRD.md(392)"
"research-v1","v1","full-1","ai-fallback","rep-2",92608,1597,31341,61267,13851,48360,2,44248,1,"read_file",6,4.78565,25,0,4,2,4976,2665,7641,0.8,"choices",0,"AGENT.md(2292) worker/src/services/ai-dm.ts(1524) code.md(1224) worker/src/types/index.ts(1141) docs/DEPLOYMENT_NOTES.md(794)"
"research-v1","v1","full-1","ai-fallback","rep-3",78651,1751,29518,49133,12417,46929,2,31722,1,"read_file",5,4.64921,21,0,3,2,5903,4111,10014,0.8,"choices",0,"worker/src/services/ai-dm.ts(3008) PRD.md(2679) AGENT.md(2292) worker/src/routes/action.ts(1103) SETUP.md(932)"
"research-v1","v1","full-1","combat-round","rep-1",87042,1704,34807,52235,12820,47345,2,39697,1,"read_file",5,4.77322,21,0,4,5,7127,7429,14556,1,"",0,"worker/src/services/ai-dm.ts(3008) PRD.md(2679) AGENT.md(2292) worker/src/services/combat.ts(2079) code.md(1224)"
"research-v1","v1","full-1","combat-round","rep-2",68910,1723,23280,45630,13148,47675,2,21235,1,"read_file",5,4.96626,17,0,0,4,0,4002,4002,1,"",0,"worker/src/services/combat.ts(1496) worker/src/routes/combat.ts(1158) worker/src/services/ai-dm.ts(803) worker/src/services/dice.ts(545)"
"research-v1","v1","full-1","combat-round","rep-3",113056,2190,33889,79167,14683,76502,3,36554,1,"read_file",6,6.17621,22,0,6,3,7582,3534,11116,1,"",0,"PRD.md(2679) AGENT.md(2292) worker/src/services/combat.ts(1864) worker/src/routes/combat.ts(1158) SETUP.md(932)"
"research-v1","v1","full-1","cors-origin","rep-1",74204,1234,24078,50126,11753,46249,2,27955,1,"read_file",5,4.16789,19,0,6,1,8027,595,8622,1,"",0,"PRD.md(2679) AGENT.md(2292) code.md(1224) SETUP.md(932) worker/src/index.ts(595)"
"research-v1","v1","full-1","cors-origin","rep-2",128910,1040,8993,119917,8981,128910,6,0,0,"view",6,5.68599,5,1,0,1,0,565,565,1,"",0,"worker/src/index.ts(565)"
"research-v1","v1","full-1","cors-origin","rep-3",58607,1104,15945,42662,9833,44330,2,14277,1,"read_file",5,3.64391,17,0,1,1,485,595,1080,1,"",0,"worker/src/index.ts(595) docs/DEPLOYMENT_NOTES.md(485)"
"research-v1","v1","full-1","inventory-dialog","rep-1",67768,1222,22939,44829,13919,48415,2,19353,1,"read_file",5,4.82339,11,0,1,4,523,3866,4389,0.8333333333333334,"MatDialog",0,"frontend/src/app/components/inventory/inventory.component.ts(1597) frontend/src/app/components/game-console/game-console.component.html(1279) frontend/src/app/components/game-console/game-console.component.ts(534) frontend/src/app/components/inventory/inventory.component.md(523) frontend/src/app/services/game-api.service.ts(456)"
"research-v1","v1","full-1","inventory-dialog","rep-2",319035,2729,25680,293355,18445,303301,11,15734,1,"read_file",14,12.57233,20,0,1,3,523,6470,6993,0.8333333333333334,"MatDialog",0,"frontend/src/app/components/game-console/game-console.component.ts(4419) frontend/src/app/components/inventory/inventory.component.ts(1597) frontend/src/app/components/inventory/inventory.component.md(523) frontend/src/app/services/game-api.service.ts(454)"
"research-v1","v1","full-1","inventory-dialog","rep-3",75898,1451,27480,48418,14069,48568,2,27330,1,"read_file",5,4.87895,17,0,3,2,4426,2353,6779,0.8333333333333334,"MatDialog",0,"PRD.md(2679) frontend/src/app/components/inventory/inventory.component.ts(1597) code.md(1224) frontend/src/app/components/inventory/inventory.component.spec.ts(756) frontend/src/app/components/inventory/inventory.component.md(523)"
"research-v1","v1","full-1","level-up-flow","rep-1",196704,3119,32823,163881,16170,162679,6,34025,1,"read_file",9,9.21084,23,0,3,5,6195,3395,9590,1,"",0,"PRD.md(2679) AGENT.md(2292) code.md(1224) frontend/src/app/services/game-api.service.ts(1217) worker/src/services/character.ts(690)"
"research-v1","v1","full-1","level-up-flow","rep-2",146322,2343,36475,109847,14498,104725,4,41597,1,"read_file",7,6.91648,21,2,4,7,6293,7069,13362,0.8333333333333334,"+2",0,"worker/src/services/ai-dm.ts(3008) PRD.md(2679) AGENT.md(2292) worker/src/services/character.ts(1499) SETUP.md(932)"
"research-v1","v1","full-1","level-up-flow","rep-3",299321,3208,38706,260615,19747,262876,9,36445,1,"read_file",12,12.14057,26,0,5,7,6865,8401,15266,1,"",0,"frontend/src/app/components/game-console/game-console.component.ts(4405) PRD.md(2679) AGENT.md(2292) worker/src/services/character.ts(1499) SETUP.md(932)"
"research-v1","v1","full-1","rest-endpoint-plan","rep-1",383474,4980,30928,352546,30902,383474,13,0,0,"view",13,19.76162,27,1,0,10,0,11427,11427,1,"",0,"frontend/src/app/components/game-console/game-console.component.ts(2322) frontend/src/app/components/inventory/inventory.component.ts(1556) worker/src/services/character.ts(1465) worker/src/types/index.ts(1180) frontend/src/app/services/game-api.service.ts(1179)"
"research-v1","v1","full-1","rest-endpoint-plan","rep-2",229396,5315,41106,188290,21467,192616,7,36780,1,"read_file",10,12.82425,41,3,17,1,16692,1062,17754,1,"",0,"PRD.md(2679) AGENT.md(2292) frontend/src/app/components/game-console/game-console.component.md(1620) frontend/src/app/services/game-api.service.md(1281) code.md(1224)"
"research-v1","v1","full-1","rest-endpoint-plan","rep-3",608004,5807,36390,571614,36354,608004,18,0,0,"view",18,26.33498,35,2,0,11,0,12773,12773,1,"",0,"frontend/src/app/components/game-console/game-console.component.ts(2322) frontend/src/app/components/inventory/inventory.component.ts(1556) worker/src/services/character.ts(1465) worker/src/types/index.ts(1180) frontend/src/app/services/game-api.service.ts(1179)"
"research-v1","v1","full-1","session-expiry","rep-1",173835,3146,43284,130551,21994,112207,4,61628,2,"read_file",12,8.7092,43,3,4,8,3946,6666,10612,1,"",0,"frontend/src/app/components/game-console/game-console.component.md(2451) frontend/src/app/components/game-console/game-console.component.ts(2366) worker/src/types/index.ts(1141) worker/src/services/session.ts(782) frontend/src/app/services/game-api.service.ts(681)"
"research-v1","v1","full-1","session-expiry","rep-2",102626,2218,29662,72964,16043,76817,3,25809,1,"read_file",6,6.58631,18,0,1,7,831,7710,8541,1,"",0,"frontend/src/app/components/game-console/game-console.component.ts(2853) worker/src/routes/character.ts(1362) worker/src/types/index.ts(1212) worker/src/routes/action.ts(931) frontend/src/app/components/game-console/game-console.component.md(831)"
"research-v1","v1","full-1","session-expiry","rep-3",388258,4363,33899,354359,18942,348711,12,39547,1,"read_file",16,14.5822,41,7,3,5,3375,3963,7338,1,"",0,"frontend/src/app/components/game-console/game-console.component.md(1620) frontend/src/app/services/game-api.service.md(1281) worker/src/routes/combat.ts(1158) worker/src/routes/action.ts(1103) frontend/src/app/services/game-api.service.ts(758)"
"research-v1","v1","full-1","starting-gear","rep-1",91032,1108,25887,65145,11343,45848,2,45184,1,"read_file",6,3.96657,18,0,6,2,8216,2018,10234,0.8,"seed.sql",0,"PRD.md(2679) AGENT.md(2292) code.md(1224) worker/src/types/index.ts(1141) SETUP.md(932)"
"research-v1","v1","full-1","starting-gear","rep-2",322298,2866,12962,309336,12934,322298,14,0,0,"view",14,12.29182,13,4,0,1,0,588,588,1,"",0,"worker/src/db/seed.sql(588)"
"research-v1","v1","full-1","starting-gear","rep-3",234252,4267,39609,194643,18854,169364,7,64888,2,"read_file",15,10.02222,54,7,2,3,1796,5989,7785,1,"",0,"worker/src/services/character.ts(2998) worker/src/db/seed.sql(1779) code.md(1224) worker/src/types/index.ts(1212) worker/src/services/character.md(572)"
"research-v1-guided","v1","full-1","ai-fallback","rep-1",151120,1279,20034,131086,20022,151120,6,0,0,"view",6,8.90862,7,1,3,1,4152,3638,7790,0.8,"choices",0,"worker/src/services/ai-dm.ts(3638) AGENT.md(2322) code.md(1197) worker/src/services/ai-dm.md(633)"
"research-v1-guided","v1","full-1","ai-fallback","rep-2",150768,1074,19945,130823,19933,150768,6,0,0,"view",6,8.67611,6,1,3,1,4152,3638,7790,0.8,"choices",0,"worker/src/services/ai-dm.ts(3638) AGENT.md(2322) code.md(1197) worker/src/services/ai-dm.md(633)"
"research-v1-guided","v1","full-1","ai-fallback","rep-3",234931,1440,20272,214659,20254,234931,9,0,0,"view",9,10.80028,8,0,3,1,4152,3638,7790,0.8,"choices",0,"worker/src/services/ai-dm.ts(3638) AGENT.md(2322) code.md(1197) worker/src/services/ai-dm.md(633)"
"research-v1-guided","v1","full-1","combat-round","rep-1",152030,1609,18165,133865,18153,152030,6,0,0,"view",6,8.82695,10,1,7,0,6243,0,6243,1,"",0,"AGENT.md(2322) code.md(1197) frontend/src/app/components/game-console/game-console.component.md(789) worker/src/services/ai-dm.md(633) worker/src/services/combat.md(565)"
"research-v1-guided","v1","full-1","combat-round","rep-2",230528,2073,21264,209264,21246,230528,9,0,0,"view",9,11.57338,13,4,6,1,5454,2046,7500,1,"",0,"AGENT.md(2322) worker/src/services/combat.ts(2046) code.md(1197) worker/src/services/ai-dm.md(633) worker/src/services/combat.md(565)"
"research-v1-guided","v1","full-1","combat-round","rep-3",117163,1341,29948,87215,29938,117163,5,0,0,"view",5,10.5718,9,1,6,0,5610,0,5610,1,"",0,"AGENT.md(2322) code.md(1197) frontend/src/app/components/game-console/game-console.component.md(789) worker/src/services/combat.md(565) worker/src/routes/combat.md(469)"
"research-v1-guided","v1","full-1","cors-origin","rep-1",195688,1242,15197,180491,15181,195688,8,0,0,"view",8,8.65027,9,2,3,1,3904,565,4469,1,"",0,"AGENT.md(2322) code.md(1197) worker/src/index.ts(565) worker/src/index.md(385)"
"research-v1-guided","v1","full-1","cors-origin","rep-2",169755,1489,17264,152491,17250,169755,7,0,0,"view",7,8.85412,9,2,4,0,5685,0,5685,1,"",0,"AGENT.md(2322) docs/DEPLOYMENT_NOTES.md(1781) code.md(1197) worker/src/index.md(385)"
"research-v1-guided","v1","full-1","cors-origin","rep-3",164192,985,14891,149301,14877,164192,7,0,0,"view",7,7.69307,7,2,3,1,3904,565,4469,1,"",0,"AGENT.md(2322) code.md(1197) worker/src/index.ts(565) worker/src/index.md(385)"
"research-v1-guided","v1","full-1","inventory-dialog","rep-1",239545,1539,15257,224288,15237,239545,10,0,0,"view",10,9.83801,11,2,4,0,4216,0,4216,1,"",0,"AGENT.md(2322) frontend/src/app/components/game-console/game-console.component.md(789) frontend/src/app/services/game-api.service.md(622) frontend/src/app/components/inventory/inventory.component.md(483)"
"research-v1-guided","v1","full-1","inventory-dialog","rep-2",240382,1646,14362,226020,14342,240382,10,0,0,"view",10,9.7559,10,2,2,0,2805,0,2805,1,"",0,"AGENT.md(2322) frontend/src/app/components/inventory/inventory.component.md(483)"
"research-v1-guided","v1","full-1","inventory-dialog","rep-3",200228,1607,16431,183797,16415,200228,8,0,0,"view",8,9.38989,11,3,4,0,4791,0,4791,0.8333333333333334,"MatDialog",0,"AGENT.md(2322) code.md(1197) frontend/src/app/components/game-console/game-console.component.md(789) frontend/src/app/components/inventory/inventory.component.md(483)"
"research-v1-guided","v1","full-1","level-up-flow","rep-1",335508,3859,23758,311750,23734,335508,12,0,0,"view",12,16.0323,22,3,8,2,6534,305,6839,1,"",0,"AGENT.md(2322) code.md(1197) frontend/src/app/components/game-console/game-console.component.md(789) frontend/src/app/services/game-api.service.md(622) worker/src/services/character.md(538)"
"research-v1-guided","v1","full-1","level-up-flow","rep-2",312305,2917,27328,284977,27306,312305,11,0,0,"view",11,15.44744,16,1,7,1,6177,561,6738,0.8333333333333334,"+2",0,"AGENT.md(2322) code.md(1197) frontend/src/app/components/game-console/game-console.component.md(789) worker/src/routes/levelup.ts(561) worker/src/types/index.md(546)"
"research-v1-guided","v1","full-1","level-up-flow","rep-3",396246,3262,20746,375500,20716,396246,15,0,0,"view",15,15.957,18,3,5,4,4287,1438,5725,0.8333333333333334,"+2",0,"AGENT.md(2322) frontend/src/app/components/game-console/game-console.component.md(789) worker/src/routes/levelup.ts(561) worker/src/services/character.md(538) frontend/src/app/components/game-console/game-console.component.ts(437)"
"research-v1-guided","v1","full-1","rest-endpoint-plan","rep-1",216494,2986,24809,191685,24793,216494,8,0,0,"view",8,13.02115,15,2,9,2,7097,2308,9405,1,"",0,"AGENT.md(2322) code.md(1197) worker/src/types/index.ts(1180) worker/src/routes/shop.ts(1128) frontend/src/app/components/game-console/game-console.component.md(789)"
"research-v1-guided","v1","full-1","rest-endpoint-plan","rep-2",434024,4131,27492,406532,27464,434024,14,0,0,"view",14,19.13324,20,2,11,2,7924,2308,10232,1,"",0,"AGENT.md(2322) code.md(1197) worker/src/types/index.ts(1180) worker/src/routes/shop.ts(1128) frontend/src/app/components/game-console/game-console.component.md(789)"
"research-v1-guided","v1","full-1","rest-endpoint-plan","rep-3",366790,3585,24181,342609,24157,366790,12,0,0,"view",12,16.48123,20,2,12,0,8631,0,8631,1,"",0,"AGENT.md(2322) code.md(1197) frontend/src/app/components/game-console/game-console.component.md(789) frontend/src/app/services/game-api.service.md(622) worker/src/types/index.md(546)"
"research-v1-guided","v1","full-1","session-expiry","rep-1",180478,1682,16229,164249,16215,180478,7,0,0,"view",7,9.02353,9,2,6,0,5213,0,5213,1,"",0,"AGENT.md(2322) code.md(1197) frontend/src/app/components/game-console/game-console.component.md(789) worker/src/services/session.md(441) frontend/src/app/components/login/login.component.md(238)"
"research-v1-guided","v1","full-1","session-expiry","rep-2",479662,3284,23439,456223,23405,479662,17,0,0,"view",17,18.26651,19,4,7,2,5835,2489,8324,1,"",0,"AGENT.md(2322) frontend/src/app/components/game-console/game-console.component.ts(2322) code.md(1197) frontend/src/app/components/game-console/game-console.component.md(789) frontend/src/app/services/game-api.service.md(622)"
"research-v1-guided","v1","full-1","session-expiry","rep-3",338824,2535,19140,319684,19114,338824,13,0,0,"view",13,13.71238,15,4,6,2,5213,878,6091,1,"",0,"AGENT.md(2322) code.md(1197) frontend/src/app/components/game-console/game-console.component.md(789) worker/src/services/session.ts(711) worker/src/services/session.md(441)"
"research-v1-guided","v1","full-1","starting-gear","rep-1",609538,3680,24377,585161,24335,609538,21,0,0,"view",21,21.47537,20,3,3,3,4057,3233,7290,1,"",0,"AGENT.md(2322) worker/src/services/character.ts(1465) code.md(1197) worker/src/types/index.ts(1180) worker/src/db/seed.sql(588)"
"research-v1-guided","v1","full-1","starting-gear","rep-2",387604,2639,18132,369472,18104,387604,14,0,0,"view",14,14.56004,13,1,3,1,4057,663,4720,1,"",0,"AGENT.md(2322) code.md(1197) worker/src/db/seed.sql(663) worker/src/services/character.md(538)"
"research-v1-guided","v1","full-1","starting-gear","rep-3",178773,1750,17430,161343,17416,178773,7,0,0,"view",7,9.33366,9,2,4,0,4544,0,4544,1,"",0,"AGENT.md(2322) code.md(1197) worker/src/services/character.md(538) worker/src/db/seed.md(487)"
"complete","baseline","v2-1","local-login","rep-1",115053,2263,27823,87230,13716,75219,3,39834,1,"read_file",7,5.89414,26,0,1,8,2675,4113,6788,0.8,"authGuard",0,"PRD.md(2675) worker/migrations/0001_initial_schema.sql(1059) worker/src/services/session.ts(741) frontend/src/app/services/auth.service.ts(655) frontend/src/app/components/login/login.component.spec.ts(597)"
"complete","baseline","v2-1","local-login","rep-2",206544,2991,34029,172515,18553,165772,6,40772,1,"read_file",10,9.44779,36,0,2,6,3503,5240,8743,0.8,"authGuard",0,"PRD.md(2675) worker/src/db/seed.sql(1775) worker/src/routes/character.ts(1500) SETUP.md(828) frontend/src/app/services/auth.service.ts(655)"
"complete","baseline","v2-1","local-login","rep-3",227555,3183,30515,197040,15821,189214,7,38341,1,"read_file",11,9.38163,36,0,2,4,3503,3880,7383,0.8,"authGuard",0,"PRD.md(2675) worker/src/routes/character.ts(1530) worker/src/services/character.ts(1495) SETUP.md(828) worker/src/index.ts(565)"
"complete","baseline","v2-1","log-pagination","rep-1",69435,1801,19454,49981,10057,44577,2,24858,1,"read_file",6,3.95237,25,0,0,3,0,1156,1156,1,"",0,"frontend/src/app/components/game-console/game-console.component.ts(614) worker/src/routes/log.ts(297) frontend/src/app/components/game-console/game-console.component.html(245)"
"complete","baseline","v2-1","log-pagination","rep-2",115048,2051,18736,96312,11373,93179,4,21869,1,"read_file",8,5.60581,27,0,0,2,0,623,623,1,"",0,"frontend/src/app/components/game-console/game-console.component.ts(326) worker/src/routes/log.ts(297)"
"complete","baseline","v2-1","log-pagination","rep-3",141633,2600,18688,122945,12676,122330,5,19303,1,"read_file",9,6.87788,28,0,1,2,565,974,1539,1,"",0,"frontend/src/app/services/game-api.service.ts(677) PRD.md(565) worker/src/routes/log.ts(297)"
"complete","baseline","v2-1","shop-sell","rep-1",62579,1507,19359,43220,13251,47762,2,14817,1,"read_file",5,4.85669,17,0,0,3,0,2752,2752,1,"",0,"frontend/src/app/components/inventory/inventory.component.ts(1593) frontend/src/app/components/inventory/inventory.component.spec.ts(752) worker/src/routes/shop.ts(407)"
"complete","baseline","v2-1","shop-sell","rep-2",63336,1387,20193,43143,14151,48663,2,14673,1,"read_file",5,5.03871,17,0,0,2,0,2000,2000,1,"",0,"frontend/src/app/components/inventory/inventory.component.ts(1593) worker/src/routes/shop.ts(407)"
"complete","baseline","v2-1","shop-sell","rep-3",129338,2179,22875,106463,12372,96240,4,33098,1,"read_file",8,6.0078,27,0,1,2,2675,1530,4205,1,"",0,"PRD.md(2675) worker/src/routes/shop.ts(1163) worker/src/types/index.ts(367)"
"complete-guided","baseline","v2-1","local-login","rep-1",201180,2172,17164,184016,17148,201180,8,0,0,"view",8,10.14252,14,0,2,4,841,3168,4009,0.6,"authGuard|no password",0,"worker/src/routes/character.ts(1500) SETUP.md(804) frontend/src/app/services/auth.service.ts(623) worker/src/index.ts(565) frontend/src/app/components/login/login.component.ts(480)"
"complete-guided","baseline","v2-1","local-login","rep-2",217390,3047,15540,201850,15522,217390,9,0,0,"view",9,10.9681,18,0,1,2,37,1103,1140,1,"",0,"frontend/src/app/services/auth.service.ts(623) frontend/src/app/components/login/login.component.ts(480) PRD.md(37)"
"complete-guided","baseline","v2-1","local-login","rep-3",273540,3413,21169,252371,21149,273540,10,0,0,"view",10,13.75167,22,0,2,7,841,4489,5330,0.8,"authGuard",0,"worker/src/routes/character.ts(1500) worker/migrations/0001_initial_schema.sql(1026) SETUP.md(804) frontend/src/app/services/auth.service.ts(623) worker/src/index.ts(565)"
"complete-guided","baseline","v2-1","log-pagination","rep-1",64409,1835,16220,48189,10257,44825,2,19584,1,"read_file",6,4.05333,25,0,0,2,0,973,973,1,"",0,"frontend/src/app/components/game-console/game-console.component.ts(676) worker/src/routes/log.ts(297)"
"complete-guided","baseline","v2-1","log-pagination","rep-2",182014,1660,12307,169707,12291,182014,8,0,0,"view",8,8.13009,8,0,0,1,0,269,269,1,"",0,"worker/src/routes/log.ts(269)"
"complete-guided","baseline","v2-1","log-pagination","rep-3",111577,1627,18167,93410,11238,91351,4,20226,1,"read_file",8,5.3482,18,0,0,4,0,1676,1676,1,"",0,"frontend/src/app/services/game-api.service.ts(677) frontend/src/app/components/game-console/game-console.component.ts(614) frontend/src/app/components/game-console/game-console.component.html(245) worker/src/routes/log.ts(140)"
"complete-guided","baseline","v2-1","shop-sell","rep-1",209186,1616,14413,194773,14395,209186,9,0,0,"view",9,9.11381,10,1,0,2,0,2875,2875,1,"",0,"worker/src/db/seed.sql(1747) worker/src/routes/shop.ts(1128)"
"complete-guided","baseline","v2-1","shop-sell","rep-2",184520,1892,14721,169799,14705,184520,8,0,0,"view",8,8.96743,11,2,0,2,0,2875,2875,1,"",0,"worker/src/db/seed.sql(1747) worker/src/routes/shop.ts(1128)"
"complete-guided","baseline","v2-1","shop-sell","rep-3",242548,2494,23400,219148,13039,220332,9,22216,1,"read_file",12,9.22885,24,0,1,2,3186,1863,5049,1,"",0,"PRD.md(3186) worker/src/routes/shop.ts(1157) worker/src/db/seed.sql(706)"
"research-v1","v1","v2-1","local-login","rep-1",74656,2004,22763,51893,13283,47784,2,26872,1,"read_file",6,5.04049,23,0,3,3,1557,1303,2860,0.8,"authGuard",0,"frontend/src/app/services/auth.service.ts(659) worker/src/services/character.md(572) worker/src/routes/character.md(532) frontend/src/app/components/login/login.component.ts(520) frontend/src/app/models/game.models.md(453)"
"research-v1","v1","v2-1","local-login","rep-2",129856,2645,24730,105126,14899,102168,4,27688,1,"read_file",8,7.07357,29,0,3,6,1958,3072,5030,1,"",0,"code.md(1225) frontend/src/app/models/game.models.ts(824) worker/src/services/session.ts(745) frontend/src/app/services/auth.service.ts(659) frontend/src/app/components/login/login.component.ts(520)"
"research-v1","v1","v2-1","local-login","rep-3",184280,2394,26176,158104,14998,160580,6,23700,1,"read_file",9,8.2373,23,0,4,6,2496,3036,5532,0.6,"authGuard|no password",0,"code.md(1225) frontend/src/app/models/game.models.ts(860) frontend/src/app/services/auth.service.ts(659) frontend/src/app/components/login/login.component.spec.ts(601) worker/migrations/0001_initial_schema.md(538)"
"research-v1","v1","v2-1","log-pagination","rep-1",116808,2409,19669,97139,12128,94757,4,22051,1,"read_file",8,5.96202,27,0,1,1,295,301,596,1,"",0,"worker/src/routes/log.ts(301) worker/src/routes/log.md(295)"
"research-v1","v1","v2-1","log-pagination","rep-2",59985,1519,17109,42876,10350,44876,2,15109,1,"read_file",5,4.03274,17,0,1,2,831,930,1761,1,"",0,"frontend/src/app/components/game-console/game-console.component.md(831) frontend/src/app/components/game-console/game-console.component.ts(681) frontend/src/app/components/game-console/game-console.component.html(249)"
"research-v1","v1","v2-1","log-pagination","rep-3",75271,2226,36952,38319,26452,46692,2,28579,1,"read_file",6,7.91052,31,0,3,2,1786,714,2500,1,"",0,"frontend/src/app/components/game-console/game-console.component.md(831) frontend/src/app/services/game-api.service.md(660) frontend/src/app/components/game-console/game-console.component.html(413) worker/src/routes/log.ts(301) worker/src/routes/log.md(295)"
"research-v1","v1","v2-1","shop-sell","rep-1",226671,2653,35434,191237,17445,190929,7,35742,1,"read_file",10,9.79945,22,0,5,5,7541,5925,13466,1,"",0,"PRD.md(2679) AGENTS.md(2294) worker/src/db/seed.sql(2007) worker/src/services/character.ts(1500) code.md(1225)"
"research-v1","v1","v2-1","shop-sell","rep-2",67031,1351,22601,44430,14348,48863,2,18168,1,"read_file",5,4.96802,17,0,2,1,1635,1161,2796,1,"",0,"code.md(1225) worker/src/routes/shop.ts(1161) worker/src/routes/shop.md(410)"
"research-v1","v1","v2-1","shop-sell","rep-3",76536,1582,24543,51993,13367,47885,2,28651,1,"read_file",6,4.67883,25,0,2,2,928,1451,2379,1,"",0,"worker/src/routes/shop.ts(1161) worker/src/db/seed.md(518) worker/src/routes/shop.md(410) worker/src/db/seed.sql(290)"
"research-v1-guided","v1","v2-1","local-login","rep-1",127685,1110,15050,112635,15040,127685,5,0,0,"view",5,7.1247,5,0,4,1,4128,623,4751,0.8,"authGuard",0,"AGENTS.md(2323) code.md(1197) frontend/src/app/services/auth.service.ts(623) frontend/src/app/services/auth.service.md(370) frontend/src/app/components/login/login.component.md(238)"
"research-v1-guided","v1","v2-1","local-login","rep-2",151403,1400,16817,134586,16805,151403,6,0,0,"view",6,8.29537,8,0,5,2,4569,1103,5672,0.8,"authGuard",0,"AGENTS.md(2323) code.md(1197) frontend/src/app/services/auth.service.ts(623) frontend/src/app/components/login/login.component.ts(480) worker/src/services/session.md(441)"
"research-v1-guided","v1","v2-1","local-login","rep-3",226230,1406,15501,210729,15483,226230,9,0,0,"view",9,9.49493,8,1,4,1,4128,623,4751,0.8,"authGuard",0,"AGENTS.md(2323) code.md(1197) frontend/src/app/services/auth.service.ts(623) frontend/src/app/services/auth.service.md(370) frontend/src/app/components/login/login.component.md(238)"
"research-v1-guided","v1","v2-1","log-pagination","rep-1",284152,1950,18214,265938,18192,284152,11,0,0,"view",11,11.82116,11,0,3,1,3375,2322,5697,1,"",0,"AGENTS.md(2323) frontend/src/app/components/game-console/game-console.component.ts(2322) frontend/src/app/components/game-console/game-console.component.md(789) worker/src/routes/log.md(263)"
"research-v1-guided","v1","v2-1","log-pagination","rep-2",300186,1936,20124,280062,20102,300186,11,0,0,"view",11,12.56714,11,0,4,2,4572,2591,7163,1,"",0,"AGENTS.md(2323) frontend/src/app/components/game-console/game-console.component.ts(2322) code.md(1197) frontend/src/app/components/game-console/game-console.component.md(789) worker/src/routes/log.ts(269)"
"research-v1-guided","v1","v2-1","log-pagination","rep-3",265779,1635,19299,246480,19279,265779,10,0,0,"view",10,11.38835,10,0,4,1,4572,2322,6894,1,"",0,"AGENTS.md(2323) frontend/src/app/components/game-console/game-console.component.ts(2322) code.md(1197) frontend/src/app/components/game-console/game-console.component.md(789) worker/src/routes/log.md(263)"
"research-v1-guided","v1","v2-1","shop-sell","rep-1",297768,1959,20131,277637,20109,297768,11,0,0,"view",11,12.54339,10,1,3,2,3897,2875,6772,1,"",0,"AGENTS.md(2323) worker/src/db/seed.sql(1747) code.md(1197) worker/src/routes/shop.ts(1128) worker/src/routes/shop.md(377)"
"research-v1-guided","v1","v2-1","shop-sell","rep-2",394397,2380,18894,375503,18866,394397,14,0,0,"view",14,14.61216,13,1,4,2,4384,1377,5761,1,"",0,"AGENTS.md(2323) code.md(1197) worker/src/routes/shop.ts(1128) worker/src/db/seed.md(487) worker/src/routes/shop.md(377)"
"research-v1-guided","v1","v2-1","shop-sell","rep-3",251164,1974,18113,233051,18095,251164,9,0,0,"view",9,11.16237,11,1,4,1,4435,1128,5563,1,"",0,"AGENTS.md(2323) code.md(1197) worker/src/routes/shop.ts(1128) worker/src/services/character.md(538) worker/src/routes/shop.md(377)"
"research-v2","v2","v2-1","ai-fallback","rep-1",128299,1219,16046,112253,16036,128299,5,0,0,"view",5,7.47506,4,1,1,1,680,2525,3205,0.8,"choices",0,"worker/src/services/ai-dm.ts(2525) worker/src/services/ai-dm.md(680)"
"research-v2","v2","v2-1","ai-fallback","rep-2",172220,1293,14517,157703,14503,172220,7,0,0,"view",7,8.07561,6,2,1,1,680,1577,2257,0.8,"choices",0,"worker/src/services/ai-dm.ts(1577) worker/src/services/ai-dm.md(680)"
"research-v2","v2","v2-1","ai-fallback","rep-3",177472,1465,15991,161481,15977,177472,7,0,0,"view",7,8.69167,6,2,1,1,680,2483,3163,0.8,"choices",0,"worker/src/services/ai-dm.ts(2483) worker/src/services/ai-dm.md(680)"
"research-v2","v2","v2-1","combat-round","rep-1",49549,829,12420,37129,12416,49549,2,0,0,"view",2,4.67638,2,0,2,0,1333,0,1333,1,"",0,"docs/flows/combat.md(721) worker/src/services/combat.md(612)"
"research-v2","v2","v2-1","combat-round","rep-2",49539,737,12417,37122,12413,49539,2,0,0,"view",2,4.58349,2,0,2,0,1333,0,1333,1,"",0,"docs/flows/combat.md(721) worker/src/services/combat.md(612)"
"research-v2","v2","v2-1","combat-round","rep-3",49540,879,12413,37127,12409,49540,2,0,0,"view",2,4.72459,2,0,2,0,1333,0,1333,1,"",0,"docs/flows/combat.md(721) worker/src/services/combat.md(612)"
"research-v2","v2","v2-1","cors-origin","rep-1",172531,1438,14783,157748,14769,172531,7,0,0,"view",7,8.28801,8,2,2,0,2166,0,2166,1,"",0,"docs/DEPLOYMENT_NOTES.md(1781) worker/src/index.md(385)"
"research-v2","v2","v2-1","cors-origin","rep-2",170082,1031,12275,157807,12261,170082,7,0,0,"view",7,7.25519,6,2,1,1,385,565,950,1,"",0,"worker/src/index.ts(565) worker/src/index.md(385)"
"research-v2","v2","v2-1","cors-origin","rep-3",223177,1569,14830,208347,14812,223177,9,0,0,"view",9,9.44254,8,3,2,0,2166,0,2166,1,"",0,"docs/DEPLOYMENT_NOTES.md(1781) worker/src/index.md(385)"
"research-v2","v2","v2-1","inventory-dialog","rep-1",119739,923,11494,108245,11484,119739,5,0,0,"view",5,5.9609,4,2,1,0,638,0,638,1,"",0,"docs/flows/inventory.md(638)"
"research-v2","v2","v2-1","inventory-dialog","rep-2",146022,1308,13092,132930,13080,146022,6,0,0,"view",6,7.239,6,2,2,0,1181,0,1181,1,"",0,"docs/flows/inventory.md(638) frontend/src/app/components/inventory/inventory.component.md(543)"
"research-v2","v2","v2-1","inventory-dialog","rep-3",145912,1171,12997,132915,12985,145912,6,0,0,"view",6,7.07795,8,3,2,0,1181,0,1181,1,"",0,"docs/flows/inventory.md(638) frontend/src/app/components/inventory/inventory.component.md(543)"
"research-v2","v2","v2-1","level-up-flow","rep-1",119723,1377,11487,108236,11477,119723,5,0,0,"view",5,6.41297,4,2,1,0,649,0,649,1,"",0,"docs/flows/level-up.md(649)"
"research-v2","v2","v2-1","level-up-flow","rep-2",143980,1380,11641,132339,11629,143980,6,0,0,"view",6,6.93643,5,2,1,0,649,0,649,1,"",0,"docs/flows/level-up.md(649)"
"research-v2","v2","v2-1","level-up-flow","rep-3",48080,748,10975,37105,10971,48080,2,0,0,"view",2,4.23365,1,0,1,0,649,0,649,1,"",0,"docs/flows/level-up.md(649)"
"research-v2","v2","v2-1","local-login","rep-1",102671,1858,34043,68628,14410,51521,2,51150,1,"read_file",6,5.19844,26,1,2,5,1344,2659,4003,0.8,"authGuard",0,"worker/src/services/character.ts(1500) AGENTS.md(805) worker/migrations/0001_initial_schema.md(539) frontend/src/app/services/auth.service.ts(464) worker/src/routes/character.ts(277)"
"research-v2","v2","v2-1","local-login","rep-2",173109,1767,14125,158984,14111,173109,7,0,0,"view",7,8.47723,11,3,2,1,1011,623,1634,1,"",0,"frontend/src/app/services/auth.service.ts(623) docs/flows/resume-session.md(590) frontend/src/app/services/auth.service.md(421)"
"research-v2","v2","v2-1","local-login","rep-3",202540,1989,14815,187725,14799,202540,8,0,0,"view",8,9.44645,13,4,3,1,1298,623,1921,0.6,"authGuard|no password",0,"frontend/src/app/services/auth.service.ts(623) docs/flows/resume-session.md(590) frontend/src/app/services/auth.service.md(421) frontend/src/app/components/login/login.component.md(287)"
"research-v2","v2","v2-1","log-pagination","rep-1",154317,1857,15435,138882,15423,154317,6,0,0,"view",6,8.49279,7,1,2,2,1150,653,1803,1,"",0,"frontend/src/app/components/game-console/game-console.component.md(867) frontend/src/app/components/game-console/game-console.component.ts(384) worker/src/routes/log.md(283) worker/src/routes/log.ts(269)"
"research-v2","v2","v2-1","log-pagination","rep-2",199062,1369,13626,185436,13610,199062,8,0,0,"view",8,8.48342,7,1,2,2,1150,490,1640,1,"",0,"frontend/src/app/components/game-console/game-console.component.md(867) worker/src/routes/log.md(283) worker/src/routes/log.ts(269) frontend/src/app/components/game-console/game-console.component.ts(221)"
"research-v2","v2","v2-1","log-pagination","rep-3",89178,1782,28835,60343,15212,52341,2,36837,1,"read_file",6,5.3793,25,0,3,1,2032,681,2713,1,"",0,"frontend/src/app/components/game-console/game-console.component.md(912) AGENTS.md(805) frontend/src/app/components/game-console/game-console.component.ts(681) worker/src/routes/log.md(315)"
"research-v2","v2","v2-1","rest-endpoint-plan","rep-1",136940,2457,20799,116141,20789,136940,5,0,0,"view",5,9.97907,14,5,8,0,5207,0,5207,1,"",0,"frontend/src/app/components/game-console/game-console.component.md(867) worker/src/types/index.md(741) frontend/src/app/services/game-api.service.md(711) docs/flows/add-endpoint.md(694) worker/src/services/character.md(679)"
"research-v2","v2","v2-1","rest-endpoint-plan","rep-2",163696,2892,22275,141421,22263,163696,6,0,0,"view",6,11.28857,18,5,9,0,5651,0,5651,1,"",0,"frontend/src/app/components/game-console/game-console.component.md(867) worker/src/types/index.md(741) frontend/src/app/services/game-api.service.md(711) docs/flows/add-endpoint.md(694) worker/src/services/character.md(679)"
"research-v2","v2","v2-1","rest-endpoint-plan","rep-3",164385,2636,21522,142863,21510,164385,6,0,0,"view",6,10.87316,18,6,8,0,5252,0,5252,1,"",0,"frontend/src/app/components/game-console/game-console.component.md(867) worker/src/types/index.md(741) frontend/src/app/services/game-api.service.md(711) docs/flows/add-endpoint.md(694) worker/src/services/character.md(679)"
"research-v2","v2","v2-1","session-expiry","rep-1",168841,1486,11860,156981,11846,168841,7,0,0,"view",7,7.58992,7,3,1,0,590,0,590,1,"",0,"docs/flows/resume-session.md(590)"
"research-v2","v2","v2-1","session-expiry","rep-2",146421,1312,13032,133389,13020,146421,6,0,0,"view",6,7.23718,6,2,1,2,590,878,1468,1,"",0,"worker/src/services/session.ts(711) docs/flows/resume-session.md(590) worker/src/routes/session.ts(167)"
"research-v2","v2","v2-1","session-expiry","rep-3",70816,953,10691,60125,10685,70816,3,0,0,"view",3,4.82795,2,1,1,0,590,0,590,1,"",0,"docs/flows/resume-session.md(590)"
"research-v2","v2","v2-1","shop-sell","rep-1",235563,1957,15589,219974,15571,235563,9,0,0,"view",9,10.25283,11,3,2,1,1037,1128,2165,1,"",0,"worker/src/routes/shop.ts(1128) docs/flows/inventory.md(638) worker/src/routes/shop.md(399)"
"research-v2","v2","v2-1","shop-sell","rep-2",221637,1912,17332,204305,17316,221637,8,0,0,"view",8,10.3303,10,2,2,1,1037,1128,2165,1,"",0,"worker/src/routes/shop.ts(1128) docs/flows/inventory.md(638) worker/src/routes/shop.md(399)"
"research-v2","v2","v2-1","shop-sell","rep-3",291901,2431,16249,275652,16227,291901,11,0,0,"view",11,12.00519,11,3,2,1,1037,1128,2165,1,"",0,"worker/src/routes/shop.ts(1128) docs/flows/inventory.md(638) worker/src/routes/shop.md(399)"
"research-v2","v2","v2-1","starting-gear","rep-1",97009,712,12585,84424,12577,97009,4,0,0,"view",4,5.54633,5,1,2,0,1176,0,1176,1,"",0,"docs/flows/character-creation.md(689) worker/src/db/seed.md(487)"
"research-v2","v2","v2-1","starting-gear","rep-2",97390,769,12713,84677,12705,97390,4,0,0,"view",4,5.64039,6,2,2,0,1176,0,1176,1,"",0,"docs/flows/character-creation.md(689) worker/src/db/seed.md(487)"
"research-v2","v2","v2-1","starting-gear","rep-3",48265,301,11159,37106,11155,48265,2,0,0,"view",2,3.83267,1,0,1,0,689,0,689,0.6,"CLASS_STARTING_ITEMS|seed.sql",0,"docs/flows/character-creation.md(689)"
"research-v2-noauto","v2","v2-1","ai-fallback","rep-1",134078,1133,10598,123480,10586,134078,6,0,0,"view",6,6.2515,6,2,2,0,1465,0,1465,0.8,"choices",0,"AGENTS.md(785) worker/src/services/ai-dm.md(680)"
"research-v2-noauto","v2","v2-1","ai-fallback","rep-2",157828,1244,13050,144778,13036,157828,7,0,0,"view",7,7.40136,6,2,2,1,1465,1493,2958,0.8,"choices",0,"worker/src/services/ai-dm.ts(1493) AGENTS.md(785) worker/src/services/ai-dm.md(680)"
"research-v2-noauto","v2","v2-1","ai-fallback","rep-3",111902,1139,10254,101648,10244,111902,5,0,0,"view",5,5.73496,4,1,2,0,1465,0,1465,1,"",0,"AGENTS.md(785) worker/src/services/ai-dm.md(680)"
"research-v2-noauto","v2","v2-1","combat-round","rep-1",132387,1323,25398,106989,25386,132387,6,0,0,"view",6,9.81168,6,2,3,0,2118,0,2118,1,"",0,"AGENTS.md(785) docs/flows/combat.md(721) worker/src/services/combat.md(612)"
"research-v2-noauto","v2","v2-1","combat-round","rep-2",89323,1210,11416,77907,11408,89323,4,0,0,"view",4,5.62174,4,0,3,0,2118,0,2118,1,"",0,"AGENTS.md(785) docs/flows/combat.md(721) worker/src/services/combat.md(612)"
"research-v2-noauto","v2","v2-1","combat-round","rep-3",159541,1672,12667,146874,12653,159541,7,0,0,"view",7,7.77553,8,3,4,0,2430,0,2430,1,"",0,"AGENTS.md(785) docs/flows/combat.md(721) worker/src/services/combat.md(612) worker/src/services/dice.md(312)"
"research-v2-noauto","v2","v2-1","cors-origin","rep-1",180157,1270,10383,169774,10367,180157,8,0,0,"view",8,7.26043,7,3,2,0,1170,0,1170,1,"",0,"AGENTS.md(785) worker/src/index.md(385)"
"research-v2-noauto","v2","v2-1","cors-origin","rep-2",113566,957,10100,103466,10090,113566,5,0,0,"view",5,5.55082,5,3,2,0,1170,0,1170,1,"",0,"AGENTS.md(785) worker/src/index.md(385)"
"research-v2-noauto","v2","v2-1","cors-origin","rep-3",183649,1150,11302,172347,11286,183649,8,0,0,"view",8,7.42164,7,0,2,1,1170,565,1735,1,"",0,"AGENTS.md(785) worker/src/index.ts(565) worker/src/index.md(385)"
"research-v2-noauto","v2","v2-1","inventory-dialog","rep-1",87891,679,9983,77908,9975,87891,4,0,0,"view",4,4.73251,3,0,2,0,1423,0,1423,1,"",0,"AGENTS.md(785) docs/flows/inventory.md(638)"
"research-v2-noauto","v2","v2-1","inventory-dialog","rep-2",87822,729,9987,77835,9979,87822,4,0,0,"view",4,4.78205,3,0,2,0,1423,0,1423,1,"",0,"AGENTS.md(785) docs/flows/inventory.md(638)"
"research-v2-noauto","v2","v2-1","inventory-dialog","rep-3",87772,669,9960,77812,9952,87772,4,0,0,"view",4,4.71484,3,0,2,0,1423,0,1423,1,"",0,"AGENTS.md(785) docs/flows/inventory.md(638)"
"research-v2-noauto","v2","v2-1","level-up-flow","rep-1",217570,2571,37241,180329,16997,164379,6,53191,1,"read_file",10,8.75505,30,2,3,7,5960,3718,9678,0.8333333333333334,"+2",0,"code.md(3083) AGENTS.md(1590) docs/flows/level-up.md(1287) frontend/src/app/components/game-console/game-console.component.ts(694) frontend/src/app/services/game-api.service.ts(682)"
"research-v2-noauto","v2","v2-1","level-up-flow","rep-2",109707,1177,10303,99404,10293,109707,5,0,0,"view",5,5.74033,5,2,2,0,1434,0,1434,1,"",0,"AGENTS.md(785) docs/flows/level-up.md(649)"
"research-v2-noauto","v2","v2-1","level-up-flow","rep-3",87787,1049,9933,77854,9925,87787,4,0,0,"view",4,5.08893,3,0,2,0,1434,0,1434,1,"",0,"AGENTS.md(785) docs/flows/level-up.md(649)"
"research-v2-noauto","v2","v2-1","local-login","rep-1",185599,1662,12200,173399,12184,185599,8,0,0,"view",8,8.17918,8,2,4,0,2246,0,2246,0.8,"authGuard",0,"AGENTS.md(785) frontend/src/app/models/game.models.md(537) worker/migrations/0001_initial_schema.md(503) frontend/src/app/services/auth.service.md(421)"
"research-v2-noauto","v2","v2-1","local-login","rep-2",208455,1673,11647,196808,11629,208455,9,0,0,"view",9,8.52001,9,2,2,1,1206,623,1829,0.8,"authGuard",0,"AGENTS.md(785) frontend/src/app/services/auth.service.ts(623) frontend/src/app/services/auth.service.md(421)"
"research-v2-noauto","v2","v2-1","local-login","rep-3",113838,1275,11486,102352,11476,113838,5,0,0,"view",5,6.19304,6,0,4,0,2083,0,2083,0.8,"no password",0,"AGENTS.md(785) docs/flows/resume-session.md(590) frontend/src/app/services/auth.service.md(421) frontend/src/app/components/login/login.component.md(287)"
"research-v2-noauto","v2","v2-1","log-pagination","rep-1",285867,2274,13710,272157,13686,285867,12,0,0,"view",12,11.14344,12,1,3,1,1935,204,2139,1,"",0,"frontend/src/app/components/game-console/game-console.component.md(867) AGENTS.md(785) worker/src/routes/log.md(283) frontend/src/app/components/game-console/game-console.component.ts(204)"
"research-v2-noauto","v2","v2-1","log-pagination","rep-2",246290,1725,14869,231421,14849,246290,10,0,0,"view",10,10.06967,9,2,4,0,2646,0,2646,1,"",0,"frontend/src/app/components/game-console/game-console.component.md(867) AGENTS.md(785) frontend/src/app/services/game-api.service.md(711) worker/src/routes/log.md(283)"
"research-v2-noauto","v2","v2-1","log-pagination","rep-3",305679,2508,17154,288525,17130,305679,12,0,0,"view",12,12.5658,18,6,4,2,2646,653,3299,1,"",0,"frontend/src/app/components/game-console/game-console.component.md(867) AGENTS.md(785) frontend/src/app/services/game-api.service.md(711) frontend/src/app/components/game-console/game-console.component.ts(384) worker/src/routes/log.md(283)"
"research-v2-noauto","v2","v2-1","rest-endpoint-plan","rep-1",115349,1630,16160,99189,16150,115349,5,0,0,"view",5,7.65328,9,1,7,0,4491,0,4491,1,"",0,"AGENTS.md(785) worker/src/types/index.md(741) frontend/src/app/services/game-api.service.md(711) docs/flows/add-endpoint.md(694) docs/flows/inventory.md(638)"
"research-v2-noauto","v2","v2-1","rest-endpoint-plan","rep-2",89399,1309,11374,78025,11366,89399,4,0,0,"view",4,5.7126,4,0,3,0,2117,0,2117,1,"",0,"AGENTS.md(785) docs/flows/add-endpoint.md(694) docs/flows/inventory.md(638)"
"research-v2-noauto","v2","v2-1","rest-endpoint-plan","rep-3",111324,1505,11711,99613,11701,111324,5,0,0,"view",5,6.42451,6,1,3,0,2117,0,2117,1,"",0,"AGENTS.md(785) docs/flows/add-endpoint.md(694) docs/flows/inventory.md(638)"
"research-v2-noauto","v2","v2-1","session-expiry","rep-1",111355,1161,9961,101394,9951,111355,5,0,0,"view",5,5.67863,4,1,2,0,1375,0,1375,1,"",0,"AGENTS.md(785) docs/flows/resume-session.md(590)"
"research-v2-noauto","v2","v2-1","session-expiry","rep-2",87673,847,9798,77875,9790,87673,4,0,0,"view",4,4.8536,3,0,2,0,1375,0,1375,1,"",0,"AGENTS.md(785) docs/flows/resume-session.md(590)"
"research-v2-noauto","v2","v2-1","session-expiry","rep-3",153178,1483,24806,128372,24792,153178,7,0,0,"view",7,10.25124,8,4,3,0,2086,0,2086,1,"",0,"AGENTS.md(785) frontend/src/app/services/game-api.service.md(711) docs/flows/resume-session.md(590)"
"research-v2-noauto","v2","v2-1","shop-sell","rep-1",266327,1783,14193,252134,14171,266327,11,0,0,"view",11,10.37283,10,1,3,1,1822,1128,2950,1,"",0,"worker/src/routes/shop.ts(1128) AGENTS.md(785) docs/flows/inventory.md(638) worker/src/routes/shop.md(399)"
"research-v2-noauto","v2","v2-1","shop-sell","rep-2",334842,2608,15812,319030,15786,334842,13,0,0,"view",13,12.9403,15,2,4,1,2309,1128,3437,1,"",0,"worker/src/routes/shop.ts(1128) AGENTS.md(785) docs/flows/inventory.md(638) worker/src/db/seed.md(487) worker/src/routes/shop.md(399)"
"research-v2-noauto","v2","v2-1","shop-sell","rep-3",302339,2409,15306,287033,15282,302339,12,0,0,"view",12,11.97496,11,2,4,1,2309,1128,3437,1,"",0,"worker/src/routes/shop.ts(1128) AGENTS.md(785) docs/flows/inventory.md(638) worker/src/db/seed.md(487) worker/src/routes/shop.md(399)"
"research-v2-noauto","v2","v2-1","starting-gear","rep-1",87945,469,10137,77808,10129,87945,4,0,0,"view",4,4.55901,3,0,2,0,1474,0,1474,0.6,"CLASS_STARTING_ITEMS|seed.sql",0,"AGENTS.md(785) docs/flows/character-creation.md(689)"
"research-v2-noauto","v2","v2-1","starting-gear","rep-2",88062,535,10153,77909,10145,88062,4,0,0,"view",4,4.63103,3,0,2,0,1474,0,1474,0.6,"CLASS_STARTING_ITEMS|seed.sql",0,"AGENTS.md(785) docs/flows/character-creation.md(689)"
"research-v2-noauto","v2","v2-1","starting-gear","rep-3",88993,979,11161,77832,11153,88993,4,0,0,"view",4,5.32549,4,0,3,0,1961,0,1961,1,"",0,"AGENTS.md(785) docs/flows/character-creation.md(689) worker/src/db/seed.md(487)"